IRIS,COM,TYP_IRIS,P13_POP,C13_POP15P_CS3,pc_qualified_professionals,name_arrd
751010101,75101,H,936,332,0.3547008547008547,Paris 01
751010102,75101,A,185,38,0.20540540540540542,Paris 01
751010103,75101,A,358,111,0.3100558659217877,Paris 01
751010104,75101,A,12,8,0.6666666666666666,Paris 01
751010105,75101,D,0,0,0,Paris 01
751010199,75101,D,0,0,0,Paris 01
751010201,75101,H,2350,805,0.3425531914893617,Paris 01
751010202,75101,H,1629,546,0.3351749539594843,Paris 01
751010203,75101,H,2389,749,0.3135203013813311,Paris 01
751010204,75101,H,2348,663,0.2823679727427598,Paris 01
751010205,75101,A,0,0,0,Paris 01
751010206,75101,A,576,171,0.296875,Paris 01
751010301,75101,H,2894,838,0.2895646164478231,Paris 01
751010302,75101,A,97,39,0.4020618556701031,Paris 01
751010303,75101,A,442,128,0.2895927601809955,Paris 01
751010401,75101,H,1322,369,0.27912254160363087,Paris 01
751010402,75101,A,1483,454,0.306136210384356,Paris 01
751020501,75102,A,983,227,0.23092573753814852,Paris 02
751020502,75102,A,311,89,0.2861736334405145,Paris 02
751020503,75102,A,111,40,0.36036036036036034,Paris 02
751020601,75102,H,1716,586,0.3414918414918415,Paris 02
751020602,75102,A,1531,583,0.3807968647942521,Paris 02
751020701,75102,H,1950,696,0.3569230769230769,Paris 02
751020702,75102,H,2031,656,0.3229935992122107,Paris 02
751020703,75102,H,2024,634,0.3132411067193676,Paris 02
751020704,75102,A,745,272,0.3651006711409396,Paris 02
751020801,75102,H,2476,797,0.3218901453957997,Paris 02
751020802,75102,H,1567,574,0.36630504148053605,Paris 02
751020803,75102,H,1820,627,0.3445054945054945,Paris 02
751020804,75102,H,2139,696,0.32538569424964936,Paris 02
751020805,75102,H,2337,750,0.3209242618741977,Paris 02
751030901,75103,H,1862,575,0.3088077336197637,Paris 03
751030902,75103,H,2165,851,0.3930715935334873,Paris 03
751030903,75103,H,1945,705,0.36246786632390743,Paris 03
751030904,75103,H,2036,659,0.3236738703339882,Paris 03
751030905,75103,H,1793,448,0.2498605688789738,Paris 03
751031001,75103,H,2321,693,0.2985781990521327,Paris 03
751031002,75103,H,2193,680,0.31007751937984496,Paris 03
751031003,75103,H,2677,942,0.3518864400448263,Paris 03
751031004,75103,H,2124,607,0.2857815442561205,Paris 03
751031101,75103,H,2281,773,0.33888645330995176,Paris 03
751031102,75103,H,1790,545,0.30446927374301674,Paris 03
751031103,75103,H,1676,493,0.29415274463007157,Paris 03
751031104,75103,H,2852,1003,0.35168302945301544,Paris 03
751031201,75103,H,2009,735,0.36585365853658536,Paris 03
751031202,75103,H,1861,610,0.3277807630306287,Paris 03
751031203,75103,H,2025,525,0.25925925925925924,Paris 03
751031204,75103,H,2054,767,0.37341772151898733,Paris 03
751041301,75104,H,1742,506,0.2904707233065442,Paris 04
751041302,75104,H,2156,777,0.36038961038961037,Paris 04
751041303,75104,H,1757,533,0.3033579965850882,Paris 04
751041304,75104,A,296,89,0.30067567567567566,Paris 04
751041305,75104,A,0,0,0,Paris 04
751041399,75104,D,0,0,0,Paris 04
751041401,75104,H,3274,744,0.2272449602932193,Paris 04
751041402,75104,H,1944,610,0.31378600823045266,Paris 04
751041403,75104,H,2613,786,0.3008036739380023,Paris 04
751041404,75104,H,1857,625,0.33656435110393107,Paris 04
751041499,75104,D,0,0,0,Paris 04
751041501,75104,H,3109,689,0.2216146670955291,Paris 04
751041502,75104,H,1566,486,0.3103448275862069,Paris 04
751041503,75104,H,1889,573,0.3033350979354156,Paris 04
751041504,75104,H,1911,586,0.30664573521716376,Paris 04
751041588,75104,D,0,0,0,Paris 04
751041599,75104,D,0,0,0,Paris 04
751041601,75104,H,2426,691,0.2848309975267931,Paris 04
751041602,75104,H,703,158,0.22475106685633,Paris 04
751041603,75104,A,92,22,0.2391304347826087,Paris 04
751041699,75104,D,0,0,0,Paris 04
751051701,75105,H,2281,720,0.3156510302498904,Paris 05
751051702,75105,H,1565,523,0.334185303514377,Paris 05
751051703,75105,H,2720,817,0.3003676470588235,Paris 05
751051704,75105,H,3304,1030,0.31174334140435833,Paris 05
751051705,75105,H,2293,686,0.29917139119058,Paris 05
751051706,75105,A,21,9,0.42857142857142855,Paris 05
751051799,75105,D,70,4,0.05714285714285714,Paris 05
751051801,75105,H,1845,679,0.36802168021680215,Paris 05
751051802,75105,H,2468,723,0.29294975688816854,Paris 05
751051803,75105,H,2199,688,0.3128694861300591,Paris 05
751051804,75105,H,2192,616,0.28102189781021897,Paris 05
751051805,75105,H,3274,893,0.2727550397067807,Paris 05
751051806,75105,H,1936,503,0.25981404958677684,Paris 05
751051807,75105,H,2218,565,0.25473399458972046,Paris 05
751051808,75105,H,1951,544,0.2788313685289595,Paris 05
751051809,75105,D,0,0,0,Paris 05
751051899,75105,D,0,0,0,Paris 05
751051901,75105,H,2793,826,0.2957393483709273,Paris 05
751051902,75105,H,1906,568,0.29800629590766003,Paris 05
751051903,75105,H,2572,716,0.27838258164852253,Paris 05
751051904,75105,H,1858,491,0.26426264800861143,Paris 05
751051905,75105,H,2809,713,0.2538269846920612,Paris 05
751051906,75105,H,2639,780,0.2955665024630542,Paris 05
751051907,75105,H,2410,521,0.2161825726141079,Paris 05
751051908,75105,H,3063,921,0.3006856023506366,Paris 05
751052001,75105,H,2634,743,0.2820804859529233,Paris 05
751052002,75105,H,1585,436,0.2750788643533123,Paris 05
751052003,75105,H,1893,607,0.32065504490227154,Paris 05
751052004,75105,H,3140,844,0.26878980891719745,Paris 05
751052005,75105,A,637,63,0.0989010989010989,Paris 05
751052099,75105,D,0,0,0,Paris 05
751062101,75106,H,1916,523,0.272964509394572,Paris 06
751062102,75106,H,1930,601,0.31139896373056997,Paris 06
751062103,75106,H,1806,469,0.25968992248062017,Paris 06
751062199,75106,D,0,0,0,Paris 06
751062201,75106,H,1907,363,0.1903513371788149,Paris 06
751062202,75106,H,1691,396,0.23418095801301006,Paris 06
751062203,75106,H,2268,714,0.3148148148148148,Paris 06
751062204,75106,H,2860,730,0.25524475524475526,Paris 06
751062205,75106,D,69,32,0.463768115942029,Paris 06
751062301,75106,H,1555,394,0.25337620578778136,Paris 06
751062302,75106,H,2037,578,0.28375061364752086,Paris 06
751062303,75106,H,2084,580,0.2783109404990403,Paris 06
751062304,75106,H,1932,410,0.2122153209109731,Paris 06
751062305,75106,H,2691,586,0.21776291341508733,Paris 06
751062306,75106,H,2633,860,0.3266236232434485,Paris 06
751062307,75106,H,1737,513,0.29533678756476683,Paris 06
751062308,75106,H,3182,897,0.28189817724701444,Paris 06
751062309,75106,H,2266,513,0.2263901147396293,Paris 06
751062310,75106,H,2137,530,0.24801123069723913,Paris 06
751062311,75106,H,1984,485,0.2444556451612903,Paris 06
751062401,75106,H,2025,594,0.29333333333333333,Paris 06
751062402,75106,H,2770,693,0.25018050541516246,Paris 06
751062499,75106,D,0,0,0,Paris 06
751072501,75107,H,2072,532,0.25675675675675674,Paris 07
751072502,75107,H,1574,400,0.25412960609911056,Paris 07
751072503,75107,H,1599,392,0.24515322076297685,Paris 07
751072504,75107,H,1511,335,0.2217074784910655,Paris 07
751072505,75107,H,1741,407,0.2337736932797243,Paris 07
751072506,75107,H,2904,716,0.2465564738292011,Paris 07
751072507,75107,A,0,0,0,Paris 07
751072508,75107,A,9,5,0.5555555555555556,Paris 07
751072599,75107,D,0,0,0,Paris 07
751072601,75107,H,2093,560,0.26755852842809363,Paris 07
751072602,75107,H,1447,405,0.27988942639944714,Paris 07
751072603,75107,H,846,239,0.28250591016548465,Paris 07
751072604,75107,H,1314,335,0.2549467275494673,Paris 07
751072605,75107,A,29,16,0.5517241379310345,Paris 07
751072606,75107,D,112,18,0.16071428571428573,Paris 07
751072699,75107,D,0,0,0,Paris 07
751072701,75107,H,2904,930,0.3202479338842975,Paris 07
751072702,75107,H,1851,481,0.2598595353862777,Paris 07
751072703,75107,H,1855,478,0.25768194070080863,Paris 07
751072704,75107,H,1764,496,0.2811791383219955,Paris 07
751072705,75107,H,2200,569,0.2586363636363636,Paris 07
751072706,75107,H,1754,462,0.2633979475484607,Paris 07
751072707,75107,A,87,7,0.08045977011494253,Paris 07
751072801,75107,H,2614,840,0.32134659525631215,Paris 07
751072802,75107,H,1959,642,0.327718223583461,Paris 07
751072803,75107,H,1768,541,0.3059954751131222,Paris 07
751072804,75107,H,3411,899,0.2635590735854588,Paris 07
751072805,75107,H,3409,974,0.2857142857142857,Paris 07
751072806,75107,H,1984,409,0.2061491935483871,Paris 07
751072807,75107,H,2316,607,0.26208981001727116,Paris 07
751072808,75107,H,1717,455,0.26499708794408855,Paris 07
751072809,75107,H,2336,617,0.2641267123287671,Paris 07
751072810,75107,H,3055,897,0.2936170212765957,Paris 07
751072811,75107,H,2090,477,0.22822966507177034,Paris 07
751072812,75107,D,0,0,0,Paris 07
751072899,75107,D,0,0,0,Paris 07
751082901,75108,H,1404,287,0.20441595441595442,Paris 08
751082902,75108,A,769,132,0.1716514954486346,Paris 08
751082903,75108,A,770,147,0.19090909090909092,Paris 08
751082904,75108,A,333,59,0.17717717717717718,Paris 08
751082905,75108,A,612,140,0.22875816993464052,Paris 08
751082906,75108,A,0,0,0,Paris 08
751082907,75108,D,2,0,0,Paris 08
751082999,75108,D,0,0,0,Paris 08
751083001,75108,H,1884,473,0.2510615711252654,Paris 08
751083002,75108,H,3163,841,0.2658868163136263,Paris 08
751083003,75108,A,497,158,0.317907444668008,Paris 08
751083004,75108,A,1767,416,0.2354272778720996,Paris 08
751083005,75108,A,1379,291,0.21102248005801305,Paris 08
751083006,75108,A,534,139,0.2602996254681648,Paris 08
751083101,75108,A,157,46,0.2929936305732484,Paris 08
751083102,75108,A,411,60,0.145985401459854,Paris 08
751083103,75108,A,1254,303,0.24162679425837322,Paris 08
751083104,75108,A,1057,291,0.2753074739829707,Paris 08
751083105,75108,A,1012,319,0.31521739130434784,Paris 08
751083106,75108,A,1052,347,0.32984790874524716,Paris 08
751083107,75108,A,393,121,0.30788804071246817,Paris 08
751083108,75108,A,534,163,0.3052434456928839,Paris 08
751083201,75108,H,2601,668,0.2568242983467897,Paris 08
751083202,75108,H,1880,526,0.2797872340425532,Paris 08
751083203,75108,H,1608,413,0.2568407960199005,Paris 08
751083204,75108,H,2678,796,0.2972367438386856,Paris 08
751083205,75108,H,3254,959,0.29471419791026426,Paris 08
751083206,75108,H,2767,855,0.30899891579327793,Paris 08
751083207,75108,H,2179,680,0.31206975676916016,Paris 08
751083208,75108,A,681,190,0.2790014684287812,Paris 08
751083209,75108,A,1219,374,0.30680885972108285,Paris 08
751083210,75108,A,1326,342,0.2579185520361991,Paris 08
751093301,75109,H,1681,517,0.3075550267697799,Paris 09
751093302,75109,H,1742,619,0.35533869115958666,Paris 09
751093303,75109,H,2084,595,0.28550863723608444,Paris 09
751093304,75109,H,2302,706,0.30668983492615115,Paris 09
751093305,75109,H,2088,693,0.33189655172413796,Paris 09
751093306,75109,H,2340,666,0.2846153846153846,Paris 09
751093307,75109,H,3098,947,0.30568108457069076,Paris 09
751093308,75109,H,1907,560,0.29365495542737285,Paris 09
751093309,75109,H,2359,546,0.2314540059347181,Paris 09
751093310,75109,H,1625,543,0.33415384615384613,Paris 09
751093311,75109,A,725,204,0.2813793103448276,Paris 09
751093401,75109,A,161,42,0.2608695652173913,Paris 09
751093402,75109,A,15,2,0.13333333333333333,Paris 09
751093403,75109,A,1254,440,0.3508771929824561,Paris 09
751093404,75109,A,0,0,0,Paris 09
751093405,75109,A,559,196,0.35062611806797855,Paris 09
751093406,75109,A,83,22,0.26506024096385544,Paris 09
751093407,75109,A,707,232,0.32814710042432815,Paris 09
751093408,75109,A,824,293,0.35558252427184467,Paris 09
751093409,75109,A,558,214,0.3835125448028674,Paris 09
751093501,75109,H,2970,919,0.30942760942760944,Paris 09
751093502,75109,H,1876,526,0.28038379530916846,Paris 09
751093503,75109,H,3888,1325,0.34079218106995884,Paris 09
751093504,75109,A,1700,490,0.28823529411764703,Paris 09
751093601,75109,H,2268,678,0.29894179894179895,Paris 09
751093602,75109,H,2634,917,0.3481397114654518,Paris 09
751093603,75109,H,1728,402,0.2326388888888889,Paris 09
751093604,75109,H,2155,704,0.32668213457076567,Paris 09
751093605,75109,H,2326,754,0.3241616509028375,Paris 09
751093606,75109,H,2510,749,0.29840637450199203,Paris 09
751093607,75109,H,2416,660,0.2731788079470199,Paris 09
751093608,75109,H,2490,787,0.31606425702811247,Paris 09
751093609,75109,H,1995,739,0.37042606516290727,Paris 09
751093610,75109,H,2359,788,0.3340398473929631,Paris 09
751103701,75110,H,2034,564,0.27728613569321536,Paris 10
751103702,75110,H,2341,614,0.26228107646305,Paris 10
751103703,75110,H,2600,798,0.3069230769230769,Paris 10
751103704,75110,H,2880,885,0.3072916666666667,Paris 10
751103705,75110,H,2584,863,0.33397832817337464,Paris 10
751103706,75110,H,2765,827,0.2990958408679928,Paris 10
751103707,75110,H,3118,711,0.22803078896728673,Paris 10
751103708,75110,H,1843,626,0.33966359196961476,Paris 10
751103709,75110,H,2458,561,0.22823433685923514,Paris 10
751103710,75110,A,0,0,0,Paris 10
751103711,75110,A,170,30,0.17647058823529413,Paris 10
751103712,75110,A,543,141,0.2596685082872928,Paris 10
751103801,75110,H,2276,633,0.2781195079086116,Paris 10
751103802,75110,H,1826,502,0.27491785323110624,Paris 10
751103803,75110,H,2996,912,0.30440587449933243,Paris 10
751103804,75110,H,3244,1023,0.3153514180024661,Paris 10
751103805,75110,H,2542,745,0.2930763178599528,Paris 10
751103806,75110,H,3722,1096,0.2944653412144009,Paris 10
751103901,75110,H,1801,591,0.32815102720710715,Paris 10
751103902,75110,H,2728,758,0.27785923753665687,Paris 10
751103903,75110,H,2082,556,0.2670509125840538,Paris 10
751103904,75110,H,2411,590,0.24471173786810452,Paris 10
751103905,75110,H,1809,531,0.2935323383084577,Paris 10
751103906,75110,H,2828,714,0.2524752475247525,Paris 10
751103907,75110,H,1962,570,0.290519877675841,Paris 10
751103908,75110,H,3323,965,0.2904002407463136,Paris 10
751103909,75110,H,2341,604,0.25800939769329345,Paris 10
751103910,75110,H,2637,617,0.23397800530906332,Paris 10
751103988,75110,D,0,0,0,Paris 10
751104001,75110,H,2586,581,0.22467130703789637,Paris 10
751104002,75110,H,3320,669,0.20150602409638554,Paris 10
751104003,75110,H,2558,826,0.32290852228303363,Paris 10
751104004,75110,H,1606,514,0.32004981320049813,Paris 10
751104005,75110,H,1965,394,0.2005089058524173,Paris 10
751104006,75110,H,2849,662,0.23236223236223236,Paris 10
751104007,75110,H,3589,842,0.23460573976037893,Paris 10
751104008,75110,H,3597,719,0.19988879621907144,Paris 10
751104009,75110,H,2138,775,0.362488306828812,Paris 10
751104010,75110,H,1779,382,0.21472737492973581,Paris 10
751104011,75110,H,2378,584,0.24558452481076534,Paris 10
751104012,75110,A,268,45,0.16791044776119404,Paris 10
751104088,75110,D,0,0,0,Paris 10
751114101,75111,H,3230,721,0.22321981424148607,Paris 11
751114102,75111,H,2561,680,0.26552128074970716,Paris 11
751114103,75111,H,1771,437,0.24675324675324675,Paris 11
751114104,75111,H,1760,663,0.37670454545454546,Paris 11
751114105,75111,H,1914,548,0.28631138975966564,Paris 11
751114106,75111,H,2661,793,0.29800826756858323,Paris 11
751114107,75111,H,2582,800,0.30983733539891556,Paris 11
751114108,75111,H,2639,713,0.2701780977643047,Paris 11
751114109,75111,H,3233,843,0.2607485307763687,Paris 11
751114110,75111,H,1694,374,0.22077922077922077,Paris 11
751114111,75111,H,1482,183,0.12348178137651822,Paris 11
751114112,75111,H,1888,298,0.15783898305084745,Paris 11
751114113,75111,H,1533,394,0.25701239399869535,Paris 11
751114114,75111,H,1649,478,0.28987265009096425,Paris 11
751114115,75111,H,2239,699,0.3121929432782492,Paris 11
751114201,75111,H,2052,441,0.2149122807017544,Paris 11
751114202,75111,H,2114,510,0.2412488174077578,Paris 11
751114203,75111,H,2861,890,0.31108004194337646,Paris 11
751114204,75111,H,2602,848,0.3259031514219831,Paris 11
751114205,75111,H,1836,648,0.35294117647058826,Paris 11
751114206,75111,H,3098,934,0.3014848289218851,Paris 11
751114207,75111,H,2191,619,0.282519397535372,Paris 11
751114208,75111,H,2176,711,0.32674632352941174,Paris 11
751114209,75111,H,2759,904,0.32765494744472634,Paris 11
751114210,75111,H,2742,970,0.3537563822027717,Paris 11
751114211,75111,H,2185,596,0.27276887871853545,Paris 11
751114212,75111,H,2121,616,0.29042904290429045,Paris 11
751114213,75111,H,2520,714,0.2833333333333333,Paris 11
751114214,75111,H,1888,612,0.3241525423728814,Paris 11
751114301,75111,H,2106,392,0.18613485280151948,Paris 11
751114302,75111,H,4068,1126,0.2767944936086529,Paris 11
751114303,75111,H,2003,207,0.10334498252621069,Paris 11
751114304,75111,H,2128,367,0.1724624060150376,Paris 11
751114305,75111,H,3414,940,0.2753368482718219,Paris 11
751114306,75111,H,3257,834,0.2560638624501075,Paris 11
751114307,75111,H,2739,522,0.19058050383351588,Paris 11
751114308,75111,H,1972,490,0.2484787018255578,Paris 11
751114309,75111,H,1564,553,0.35358056265984655,Paris 11
751114310,75111,H,1846,574,0.31094257854821233,Paris 11
751114311,75111,H,1834,567,0.30916030534351147,Paris 11
751114312,75111,H,1953,640,0.3277009728622632,Paris 11
751114313,75111,H,2100,795,0.37857142857142856,Paris 11
751114314,75111,H,2724,887,0.3256240822320117,Paris 11
751114315,75111,H,1995,597,0.2992481203007519,Paris 11
751114316,75111,H,2688,800,0.2976190476190476,Paris 11
751114317,75111,H,2523,702,0.27824019024970276,Paris 11
751114318,75111,H,2229,700,0.31404217137729923,Paris 11
751114319,75111,H,1637,361,0.22052535125229078,Paris 11
751114320,75111,H,2258,665,0.2945084145261293,Paris 11
751114321,75111,H,2170,552,0.2543778801843318,Paris 11
751114401,75111,H,1845,606,0.3284552845528455,Paris 11
751114402,75111,H,2328,812,0.3487972508591065,Paris 11
751114403,75111,H,2209,742,0.3358985966500679,Paris 11
751114404,75111,H,2823,690,0.24442082890541977,Paris 11
751114405,75111,H,2085,594,0.28489208633093527,Paris 11
751114406,75111,H,3009,997,0.3313393153871718,Paris 11
751114407,75111,H,2060,575,0.279126213592233,Paris 11
751114408,75111,H,3531,1044,0.29566694987255737,Paris 11
751114409,75111,H,3379,1013,0.29979283811778634,Paris 11
751114410,75111,H,4121,1038,0.2518806115020626,Paris 11
751114411,75111,H,4861,1260,0.25920592470685044,Paris 11
751114412,75111,H,3574,950,0.26580861779518744,Paris 11
751114413,75111,H,2449,740,0.30216414863209473,Paris 11
751124501,75112,H,3105,459,0.14782608695652175,Paris 12
751124502,75112,H,4321,1208,0.2795649155288128,Paris 12
751124503,75112,H,2253,619,0.2747447847314691,Paris 12
751124504,75112,H,2392,677,0.2830267558528428,Paris 12
751124505,75112,H,1983,599,0.3020675743822491,Paris 12
751124506,75112,H,1977,496,0.25088517956499745,Paris 12
751124507,75112,H,2251,489,0.21723678365171034,Paris 12
751124508,75112,H,2504,765,0.3055111821086262,Paris 12
751124509,75112,H,1895,431,0.22744063324538258,Paris 12
751124510,75112,H,2292,224,0.09773123909249563,Paris 12
751124511,75112,H,2368,196,0.08277027027027027,Paris 12
751124512,75112,H,3858,1143,0.2962674961119751,Paris 12
751124513,75112,H,2140,705,0.3294392523364486,Paris 12
751124514,75112,H,2067,655,0.3168843734881471,Paris 12
751124577,75112,D,413,63,0.15254237288135594,Paris 12
751124601,75112,H,3058,830,0.27141922825376064,Paris 12
751124602,75112,H,3159,687,0.2174738841405508,Paris 12
751124603,75112,H,1825,466,0.2553424657534247,Paris 12
751124604,75112,H,2662,468,0.1758076634109692,Paris 12
751124605,75112,H,2664,816,0.3063063063063063,Paris 12
751124606,75112,H,3328,674,0.20252403846153846,Paris 12
751124608,75112,H,2314,714,0.30855661192739847,Paris 12
751124609,75112,H,1966,307,0.15615462868769076,Paris 12
751124610,75112,H,2242,697,0.31088314005352363,Paris 12
751124611,75112,H,2162,697,0.32238667900092505,Paris 12
751124612,75112,H,2712,875,0.3226401179941003,Paris 12
751124613,75112,H,4341,902,0.20778622437226446,Paris 12
751124614,75112,H,3531,927,0.2625318606627018,Paris 12
751124615,75112,H,4231,951,0.22476955802410778,Paris 12
751124616,75112,H,5896,1450,0.2459294436906377,Paris 12
751124617,75112,H,2719,708,0.2603898492092681,Paris 12
751124618,75112,H,2176,704,0.3235294117647059,Paris 12
751124619,75112,H,4766,1119,0.23478808224926564,Paris 12
751124620,75112,H,1957,535,0.2733776188042923,Paris 12
751124621,75112,H,2136,582,0.27247191011235955,Paris 12
751124622,75112,H,2011,525,0.2610641471904525,Paris 12
751124623,75112,H,2733,818,0.29930479326747167,Paris 12
751124624,75112,H,2266,726,0.32038834951456313,Paris 12
751124677,75112,D,729,139,0.1906721536351166,Paris 12
751124701,75112,H,3059,618,0.2020268061457993,Paris 12
751124702,75112,H,3288,585,0.17791970802919707,Paris 12
751124703,75112,H,2548,614,0.24097331240188383,Paris 12
751124704,75112,H,2346,528,0.22506393861892582,Paris 12
751124705,75112,H,2497,621,0.2486984381257509,Paris 12
751124706,75112,A,0,0,0,Paris 12
751124707,75112,A,0,0,0,Paris 12
751124708,75112,D,0,0,0,Paris 12
751124799,75112,D,0,0,0,Paris 12
751124801,75112,H,3608,1081,0.2996119733924612,Paris 12
751124802,75112,H,1884,453,0.24044585987261147,Paris 12
751124803,75112,H,2335,795,0.3404710920770878,Paris 12
751124804,75112,H,2277,651,0.2859025032938076,Paris 12
751124805,75112,H,1795,558,0.3108635097493036,Paris 12
751124806,75112,H,2421,857,0.35398595621643947,Paris 12
751124807,75112,H,3262,963,0.2952176578786021,Paris 12
751124808,75112,H,2308,738,0.3197573656845754,Paris 12
751124809,75112,H,2617,730,0.27894535727932745,Paris 12
751124810,75112,H,3064,798,0.260443864229765,Paris 12
751124811,75112,A,0,0,0,Paris 12
751124812,75112,A,1366,221,0.1617862371888726,Paris 12
751124813,75112,A,640,197,0.3078125,Paris 12
751124888,75112,D,0,0,0,Paris 12
751124899,75112,D,0,0,0,Paris 12
751134901,75113,H,2524,247,0.09786053882725831,Paris 13
751134902,75113,H,3172,800,0.25220680958385877,Paris 13
751134903,75113,H,2116,539,0.2547258979206049,Paris 13
751134904,75113,H,1626,317,0.1949569495694957,Paris 13
751134905,75113,H,2892,777,0.26867219917012447,Paris 13
751134906,75113,H,2346,823,0.35080988917306055,Paris 13
751134907,75113,H,2035,650,0.3194103194103194,Paris 13
751134908,75113,A,1718,240,0.13969732246798602,Paris 13
751134999,75113,D,0,0,0,Paris 13
751135001,75113,H,1701,157,0.09229864785420341,Paris 13
751135002,75113,H,2356,62,0.02631578947368421,Paris 13
751135003,75113,H,4393,454,0.10334623264284089,Paris 13
751135004,75113,H,2431,179,0.07363225010283833,Paris 13
751135005,75113,H,3143,716,0.22780782691695833,Paris 13
751135006,75113,H,3014,604,0.20039814200398143,Paris 13
751135007,75113,H,2483,399,0.16069271043093034,Paris 13
751135008,75113,H,3089,344,0.11136290061508579,Paris 13
751135009,75113,H,2017,192,0.09519087754090233,Paris 13
751135010,75113,H,2488,626,0.2516077170418006,Paris 13
751135011,75113,H,3009,679,0.2256563642406115,Paris 13
751135012,75113,H,2598,734,0.2825250192455735,Paris 13
751135013,75113,H,2582,150,0.05809450038729667,Paris 13
751135014,75113,H,3567,767,0.21502663302495095,Paris 13
751135015,75113,H,751,169,0.22503328894806923,Paris 13
751135016,75113,H,729,111,0.1522633744855967,Paris 13
751135017,75113,H,1042,354,0.3397312859884837,Paris 13
751135018,75113,H,2254,505,0.22404614019520852,Paris 13
751135019,75113,H,4064,1067,0.2625492125984252,Paris 13
751135020,75113,H,3656,865,0.23659737417943108,Paris 13
751135021,75113,H,2707,397,0.14665681566309569,Paris 13
751135023,75113,H,1860,423,0.22741935483870968,Paris 13
751135024,75113,H,2796,814,0.29113018597997137,Paris 13
751135025,75113,H,2005,326,0.16259351620947632,Paris 13
751135026,75113,H,1843,212,0.11502984264785676,Paris 13
751135027,75113,H,2978,319,0.10711887172599059,Paris 13
751135028,75113,H,2155,345,0.16009280742459397,Paris 13
751135029,75113,H,3560,433,0.12162921348314606,Paris 13
751135030,75113,H,1832,258,0.1408296943231441,Paris 13
751135031,75113,H,2191,155,0.07074395253308992,Paris 13
751135032,75113,A,11,1,0.09090909090909091,Paris 13
751135099,75113,D,0,0,0,Paris 13
751135101,75113,H,3698,302,0.08166576527852894,Paris 13
751135102,75113,H,2518,342,0.1358220810166799,Paris 13
751135103,75113,H,2450,538,0.21959183673469387,Paris 13
751135104,75113,H,2758,570,0.20667150108774474,Paris 13
751135105,75113,H,2861,788,0.2754281719678434,Paris 13
751135106,75113,H,4153,812,0.19552130989646038,Paris 13
751135107,75113,H,2669,403,0.15099288122892468,Paris 13
751135108,75113,H,2740,149,0.05437956204379562,Paris 13
751135109,75113,H,3427,431,0.1257659760723665,Paris 13
751135110,75113,H,4053,578,0.14261041204046385,Paris 13
751135111,75113,H,2567,541,0.2107518504090378,Paris 13
751135112,75113,H,3199,832,0.2600812753985621,Paris 13
751135113,75113,H,2074,573,0.27627772420443586,Paris 13
751135114,75113,H,3042,750,0.2465483234714004,Paris 13
751135115,75113,H,1643,503,0.3061472915398661,Paris 13
751135116,75113,H,3432,1222,0.3560606060606061,Paris 13
751135117,75113,H,2174,443,0.20377184912603497,Paris 13
751135118,75113,H,2167,480,0.22150438394093216,Paris 13
751135119,75113,H,1654,69,0.04171704957678356,Paris 13
751135120,75113,H,2160,526,0.24351851851851852,Paris 13
751135121,75113,H,1396,469,0.3359598853868195,Paris 13
751135122,75113,H,3486,1114,0.31956397016637983,Paris 13
751135123,75113,H,2135,707,0.33114754098360655,Paris 13
751135124,75113,H,3529,1019,0.28875035420799094,Paris 13
751135125,75113,H,3076,816,0.26527958387516254,Paris 13
751135201,75113,H,3260,1012,0.3104294478527607,Paris 13
751135202,75113,H,1759,450,0.2558271745309835,Paris 13
751135203,75113,H,2940,836,0.28435374149659864,Paris 13
751135204,75113,H,3000,678,0.226,Paris 13
751135205,75113,H,3000,976,0.3253333333333333,Paris 13
751135206,75113,H,3800,1046,0.2752631578947368,Paris 13
751135207,75113,H,3155,920,0.29160063391442154,Paris 13
751145301,75114,H,1959,286,0.14599285349668198,Paris 14
751145302,75114,H,1847,514,0.2782891174878181,Paris 14
751145303,75114,H,1980,559,0.2823232323232323,Paris 14
751145304,75114,H,1791,608,0.3394751535455053,Paris 14
751145305,75114,H,2007,593,0.29546586945690084,Paris 14
751145306,75114,H,1867,674,0.3610069630423139,Paris 14
751145307,75114,H,1810,555,0.30662983425414364,Paris 14
751145308,75114,H,1568,365,0.23278061224489796,Paris 14
751145309,75114,H,1918,612,0.31908237747653806,Paris 14
751145310,75114,H,1884,446,0.2367303609341826,Paris 14
751145311,75114,A,260,60,0.23076923076923078,Paris 14
751145401,75114,H,5288,898,0.16981845688350983,Paris 14
751145402,75114,H,4171,1308,0.31359386238312154,Paris 14
751145403,75114,H,3680,951,0.2584239130434783,Paris 14
751145404,75114,H,2191,595,0.2715654952076677,Paris 14
751145405,75114,H,2931,755,0.2575912657795974,Paris 14
751145406,75114,H,4000,1390,0.3475,Paris 14
751145407,75114,A,271,36,0.13284132841328414,Paris 14
751145501,75114,H,2097,266,0.1268478779208393,Paris 14
751145502,75114,H,2296,484,0.21080139372822299,Paris 14
751145503,75114,H,2687,308,0.1146259769259397,Paris 14
751145504,75114,H,3300,1071,0.3245454545454545,Paris 14
751145505,75114,H,3853,695,0.1803789255125876,Paris 14
751145506,75114,H,2092,707,0.33795411089866156,Paris 14
751145507,75114,H,1983,593,0.29904185577407966,Paris 14
751145508,75114,H,3143,866,0.275532930321349,Paris 14
751145509,75114,H,1795,502,0.2796657381615599,Paris 14
751145510,75114,H,2180,766,0.3513761467889908,Paris 14
751145511,75114,H,2012,716,0.3558648111332008,Paris 14
751145512,75114,H,1924,529,0.27494802494802495,Paris 14
751145513,75114,H,2931,964,0.3288979870351416,Paris 14
751145514,75114,H,1785,581,0.3254901960784314,Paris 14
751145515,75114,H,2611,821,0.31443891229414017,Paris 14
751145516,75114,H,2528,848,0.33544303797468356,Paris 14
751145601,75114,H,2130,144,0.0676056338028169,Paris 14
751145602,75114,H,1715,129,0.07521865889212828,Paris 14
751145603,75114,H,2856,91,0.031862745098039214,Paris 14
751145604,75114,H,2560,159,0.062109375,Paris 14
751145605,75114,H,2834,645,0.22759350741002118,Paris 14
751145606,75114,H,2658,610,0.22949586155003762,Paris 14
751145607,75114,H,3055,787,0.25761047463175124,Paris 14
751145608,75114,H,2301,815,0.35419382877009997,Paris 14
751145609,75114,H,2409,255,0.10585305105853052,Paris 14
751145610,75114,H,2676,500,0.18684603886397608,Paris 14
751145611,75114,H,1794,224,0.12486064659977704,Paris 14
751145612,75114,H,2112,756,0.35795454545454547,Paris 14
751145613,75114,H,2501,711,0.2842862854858057,Paris 14
751145614,75114,H,1911,560,0.29304029304029305,Paris 14
751145615,75114,H,2335,696,0.29807280513918627,Paris 14
751145616,75114,H,2856,764,0.26750700280112044,Paris 14
751145617,75114,H,2344,215,0.09172354948805461,Paris 14
751145618,75114,H,3009,619,0.20571618477899634,Paris 14
751145619,75114,H,2318,573,0.2471958584987058,Paris 14
751145620,75114,H,2814,739,0.26261549395877753,Paris 14
751145621,75114,H,2399,689,0.28720300125052106,Paris 14
751145622,75114,H,1657,566,0.3415811707905854,Paris 14
751145623,75114,H,3644,951,0.26097694840834246,Paris 14
751145624,75114,H,2653,835,0.3147380324161327,Paris 14
751145625,75114,A,620,139,0.22419354838709676,Paris 14
751155701,75115,H,3465,296,0.08542568542568543,Paris 15
751155702,75115,H,1833,317,0.1729405346426623,Paris 15
751155703,75115,H,3671,1037,0.28248433669299916,Paris 15
751155704,75115,H,2738,324,0.1183345507669832,Paris 15
751155705,75115,H,3954,815,0.20612038442083966,Paris 15
751155706,75115,H,2509,724,0.2885611797528896,Paris 15
751155707,75115,H,2303,694,0.30134607034303085,Paris 15
751155708,75115,H,4128,961,0.23280038759689922,Paris 15
751155709,75115,H,3576,1101,0.30788590604026844,Paris 15
751155710,75115,H,4327,1087,0.25121331176334644,Paris 15
751155711,75115,H,1879,580,0.30867482703565724,Paris 15
751155712,75115,H,2626,618,0.23533891850723535,Paris 15
751155713,75115,H,1916,629,0.32828810020876825,Paris 15
751155714,75115,H,2203,668,0.3032228778937812,Paris 15
751155715,75115,H,2877,828,0.28779979144942647,Paris 15
751155716,75115,H,2776,786,0.2831412103746398,Paris 15
751155717,75115,H,2800,730,0.26071428571428573,Paris 15
751155718,75115,H,2125,643,0.30258823529411766,Paris 15
751155719,75115,H,2433,715,0.2938758734073161,Paris 15
751155720,75115,H,2481,629,0.2535268037081822,Paris 15
751155721,75115,H,1879,410,0.21820117083555082,Paris 15
751155722,75115,H,3252,935,0.28751537515375153,Paris 15
751155723,75115,H,2782,963,0.34615384615384615,Paris 15
751155724,75115,H,3063,982,0.32060071825008163,Paris 15
751155725,75115,H,2225,618,0.27775280898876403,Paris 15
751155726,75115,H,3135,753,0.24019138755980862,Paris 15
751155727,75115,H,2880,623,0.21631944444444445,Paris 15
751155728,75115,H,1821,602,0.33058758923668313,Paris 15
751155729,75115,H,3473,1148,0.33054995680967464,Paris 15
751155730,75115,H,2597,701,0.2699268386599923,Paris 15
751155731,75115,H,2957,642,0.21711193777477172,Paris 15
751155732,75115,A,0,0,0,Paris 15
751155733,75115,A,0,0,0,Paris 15
751155801,75115,H,3481,466,0.1338695777075553,Paris 15
751155802,75115,H,2835,427,0.1506172839506173,Paris 15
751155803,75115,H,3601,1188,0.3299083587892252,Paris 15
751155804,75115,H,2334,732,0.31362467866323906,Paris 15
751155805,75115,H,2328,637,0.27362542955326463,Paris 15
751155806,75115,H,3276,1040,0.31746031746031744,Paris 15
751155807,75115,H,3291,1113,0.3381950774840474,Paris 15
751155808,75115,H,1971,671,0.3404363267376966,Paris 15
751155809,75115,H,3457,959,0.27740815736187446,Paris 15
751155810,75115,H,5345,1406,0.26304957904583726,Paris 15
751155811,75115,H,1966,609,0.30976602238046796,Paris 15
751155812,75115,H,2109,659,0.31247036510194404,Paris 15
751155813,75115,H,2407,690,0.2866638969671791,Paris 15
751155814,75115,H,2022,683,0.337784371909001,Paris 15
751155815,75115,H,2305,797,0.3457700650759219,Paris 15
751155816,75115,H,2712,809,0.29830383480825956,Paris 15
751155817,75115,H,2477,687,0.27735163504238997,Paris 15
751155818,75115,A,708,323,0.4562146892655367,Paris 15
751155819,75115,A,0,0,0,Paris 15
751155901,75115,H,2236,821,0.3671735241502683,Paris 15
751155902,75115,H,2250,768,0.3413333333333333,Paris 15
751155903,75115,H,2751,760,0.2762631770265358,Paris 15
751155904,75115,H,2671,935,0.35005615874204415,Paris 15
751155905,75115,H,2556,820,0.3208137715179969,Paris 15
751155906,75115,H,2669,864,0.3237167478456351,Paris 15
751155907,75115,H,2603,716,0.27506723011909334,Paris 15
751155908,75115,H,3762,850,0.22594364699627859,Paris 15
751155909,75115,H,2506,807,0.32202713487629686,Paris 15
751155910,75115,H,2079,728,0.3501683501683502,Paris 15
751155911,75115,H,2443,932,0.381498158002456,Paris 15
751155912,75115,H,3142,1022,0.3252705283259071,Paris 15
751155913,75115,H,2468,705,0.28565640194489467,Paris 15
751155914,75115,H,1865,452,0.24235924932975872,Paris 15
751155915,75115,H,1843,557,0.30222463374932174,Paris 15
751155916,75115,H,2350,791,0.33659574468085107,Paris 15
751155917,75115,H,3272,965,0.29492665036674814,Paris 15
751155918,75115,H,3455,1018,0.2946454413892909,Paris 15
751155919,75115,H,2626,716,0.27265803503427266,Paris 15
751155920,75115,A,354,98,0.2768361581920904,Paris 15
751155999,75115,D,0,0,0,Paris 15
751156001,75115,H,2949,274,0.0929128518141743,Paris 15
751156002,75115,H,2504,811,0.3238817891373802,Paris 15
751156003,75115,H,2631,801,0.30444697833523376,Paris 15
751156004,75115,H,3328,916,0.27524038461538464,Paris 15
751156005,75115,H,2799,734,0.26223651304037154,Paris 15
751156006,75115,H,1645,438,0.2662613981762918,Paris 15
751156007,75115,H,2532,545,0.21524486571879936,Paris 15
751156008,75115,H,1717,334,0.1945253348864298,Paris 15
751156009,75115,H,1416,372,0.2627118644067797,Paris 15
751156010,75115,H,3237,654,0.2020389249304912,Paris 15
751156012,75115,H,4064,1245,0.3063484251968504,Paris 15
751156013,75115,H,2491,768,0.30830991569650745,Paris 15
751156014,75115,H,2891,478,0.1653407125562089,Paris 15
751156015,75115,H,2021,492,0.2434438396833251,Paris 15
751156016,75115,H,1992,544,0.27309236947791166,Paris 15
751156017,75115,H,2036,552,0.27111984282907664,Paris 15
751156018,75115,H,2996,821,0.2740320427236315,Paris 15
751156019,75115,H,4068,1361,0.33456243854473944,Paris 15
751156020,75115,H,3373,997,0.2955825674473762,Paris 15
751156021,75115,A,838,195,0.23269689737470167,Paris 15
751156022,75115,A,232,9,0.03879310344827586,Paris 15
751156023,75115,D,104,32,0.3076923076923077,Paris 15
751156099,75115,D,49,0,0,Paris 15
751166101,75116,H,2439,425,0.17425174251742517,Paris 16
751166102,75116,H,2707,587,0.21684521610639085,Paris 16
751166103,75116,H,1855,494,0.26630727762803236,Paris 16
751166104,75116,H,2212,325,0.1469258589511754,Paris 16
751166105,75116,H,2357,485,0.2057700466694951,Paris 16
751166106,75116,H,2970,831,0.2797979797979798,Paris 16
751166107,75116,H,3470,882,0.25417867435158503,Paris 16
751166108,75116,H,2008,353,0.175796812749004,Paris 16
751166109,75116,H,2706,667,0.24648928307464893,Paris 16
751166110,75116,H,2440,614,0.25163934426229506,Paris 16
751166111,75116,H,2348,634,0.27001703577512776,Paris 16
751166112,75116,H,1997,431,0.21582373560340512,Paris 16
751166113,75116,H,1934,414,0.2140641158221303,Paris 16
751166114,75116,H,2189,662,0.30242119689355873,Paris 16
751166115,75116,H,3562,802,0.22515440763615946,Paris 16
751166116,75116,H,2127,442,0.2078044193700047,Paris 16
751166117,75116,H,2766,639,0.23101952277657267,Paris 16
751166118,75116,H,2456,602,0.24511400651465798,Paris 16
751166119,75116,H,1695,443,0.26135693215339234,Paris 16
751166120,75116,H,1701,383,0.22516166960611406,Paris 16
751166121,75116,H,2417,546,0.22589987587918908,Paris 16
751166122,75116,H,2800,545,0.19464285714285715,Paris 16
751166123,75116,H,2307,590,0.25574338968357174,Paris 16
751166124,75116,H,1944,428,0.22016460905349794,Paris 16
751166125,75116,H,2178,479,0.2199265381083563,Paris 16
751166126,75116,H,2459,586,0.23830825538836925,Paris 16
751166127,75116,H,3654,912,0.24958949096880131,Paris 16
751166128,75116,H,3104,842,0.2712628865979381,Paris 16
751166129,75116,H,1729,413,0.2388663967611336,Paris 16
751166130,75116,H,2390,548,0.2292887029288703,Paris 16
751166131,75116,A,37,0,0,Paris 16
751166177,75116,D,66,1,0.015151515151515152,Paris 16
751166199,75116,D,0,0,0,Paris 16
751166201,75116,H,2056,496,0.24124513618677043,Paris 16
751166202,75116,H,2596,650,0.25038520801232667,Paris 16
751166203,75116,H,2279,635,0.2786309784993418,Paris 16
751166204,75116,H,2313,567,0.245136186770428,Paris 16
751166205,75116,H,1790,409,0.22849162011173185,Paris 16
751166206,75116,H,1854,389,0.20981661272923408,Paris 16
751166207,75116,H,1531,285,0.186152841280209,Paris 16
751166208,75116,H,2488,483,0.19413183279742766,Paris 16
751166209,75116,H,2296,524,0.22822299651567945,Paris 16
751166210,75116,H,2026,447,0.22063178677196446,Paris 16
751166211,75116,H,2168,509,0.23477859778597787,Paris 16
751166212,75116,H,2013,553,0.2747143566815698,Paris 16
751166213,75116,H,2293,607,0.2647187091146969,Paris 16
751166214,75116,H,1863,480,0.2576489533011272,Paris 16
751166215,75116,H,2189,569,0.25993604385564184,Paris 16
751166216,75116,H,2012,513,0.25497017892644136,Paris 16
751166217,75116,H,2548,537,0.2107535321821036,Paris 16
751166218,75116,H,2080,473,0.22740384615384615,Paris 16
751166219,75116,H,3044,699,0.22963206307490144,Paris 16
751166220,75116,H,2645,637,0.24083175803402646,Paris 16
751166221,75116,H,1799,445,0.2473596442468038,Paris 16
751166222,75116,A,0,0,0,Paris 16
751166223,75116,A,71,8,0.11267605633802817,Paris 16
751166277,75116,D,40,1,0.025,Paris 16
751166299,75116,D,0,0,0,Paris 16
751166301,75116,H,2352,478,0.2032312925170068,Paris 16
751166302,75116,H,3395,765,0.22533136966126657,Paris 16
751166303,75116,H,2413,510,0.21135515955242437,Paris 16
751166304,75116,H,2973,689,0.23175243861419442,Paris 16
751166305,75116,H,1811,306,0.16896742131419104,Paris 16
751166306,75116,H,2480,618,0.24919354838709679,Paris 16
751166307,75116,H,2964,662,0.2233468286099865,Paris 16
751166308,75116,H,3010,648,0.21528239202657806,Paris 16
751166309,75116,H,1857,363,0.19547657512116318,Paris 16
751166310,75116,H,1809,404,0.22332780541735767,Paris 16
751166311,75116,H,1605,394,0.24548286604361372,Paris 16
751166377,75116,D,167,21,0.12574850299401197,Paris 16
751166401,75116,H,1856,391,0.21066810344827586,Paris 16
751166402,75116,H,2176,551,0.2532169117647059,Paris 16
751166403,75116,H,3212,711,0.2213574097135741,Paris 16
751166404,75116,H,1866,564,0.3022508038585209,Paris 16
751166405,75116,H,2241,521,0.23248549754573852,Paris 16
751166406,75116,H,1969,398,0.202133062468258,Paris 16
751166407,75116,H,3167,727,0.2295547837069782,Paris 16
751166409,75116,H,2352,609,0.25892857142857145,Paris 16
751166410,75116,A,584,99,0.1695205479452055,Paris 16
751166411,75116,A,315,46,0.14603174603174604,Paris 16
751166412,75116,A,849,167,0.1967020023557126,Paris 16
751166413,75116,A,111,27,0.24324324324324326,Paris 16
751166499,75116,D,0,0,0,Paris 16
751176501,75117,H,3890,1105,0.28406169665809766,Paris 17
751176502,75117,H,2275,557,0.24483516483516485,Paris 17
751176503,75117,H,1963,598,0.304635761589404,Paris 17
751176504,75117,H,2971,897,0.30191854594412654,Paris 17
751176505,75117,H,2226,384,0.1725067385444744,Paris 17
751176506,75117,H,2201,612,0.2780554293502953,Paris 17
751176507,75117,H,2735,879,0.3213893967093236,Paris 17
751176508,75117,H,3528,1101,0.3120748299319728,Paris 17
751176509,75117,H,1918,553,0.28832116788321166,Paris 17
751176510,75117,H,3130,1067,0.3408945686900958,Paris 17
751176511,75117,H,2360,750,0.3177966101694915,Paris 17
751176512,75117,H,2780,931,0.33489208633093526,Paris 17
751176513,75117,H,2201,638,0.2898682417083144,Paris 17
751176514,75117,H,2128,659,0.30968045112781956,Paris 17
751176515,75117,H,3318,546,0.16455696202531644,Paris 17
751176516,75117,A,0,0,0,Paris 17
751176601,75117,H,2478,771,0.31113801452784506,Paris 17
751176602,75117,H,2999,873,0.2910970323441147,Paris 17
751176603,75117,H,3354,798,0.23792486583184258,Paris 17
751176604,75117,H,2422,704,0.2906688687035508,Paris 17
751176605,75117,H,1849,531,0.2871822606814494,Paris 17
751176606,75117,H,1941,504,0.2596599690880989,Paris 17
751176607,75117,H,2224,589,0.2648381294964029,Paris 17
751176608,75117,H,1877,455,0.2424080980287693,Paris 17
751176609,75117,H,2371,600,0.25305778152678193,Paris 17
751176610,75117,H,2564,601,0.23439937597503901,Paris 17
751176611,75117,H,3045,894,0.2935960591133005,Paris 17
751176612,75117,H,3319,886,0.26694787586622476,Paris 17
751176613,75117,H,2255,664,0.29445676274944566,Paris 17
751176614,75117,H,3271,603,0.1843472944053806,Paris 17
751176615,75117,H,3915,487,0.1243933588761175,Paris 17
751176616,75117,H,2446,91,0.037203597710547834,Paris 17
751176701,75117,H,2528,745,0.2946993670886076,Paris 17
751176702,75117,H,2744,862,0.3141399416909621,Paris 17
751176703,75117,H,2158,640,0.2965708989805375,Paris 17
751176704,75117,H,2478,900,0.36319612590799033,Paris 17
751176705,75117,H,2109,713,0.3380749170222854,Paris 17
751176706,75117,H,2384,781,0.3276006711409396,Paris 17
751176707,75117,H,2209,758,0.34314169307378906,Paris 17
751176708,75117,H,2509,866,0.3451574332403348,Paris 17
751176709,75117,H,2287,856,0.3742894621775251,Paris 17
751176710,75117,H,4129,1378,0.3337369823201744,Paris 17
751176711,75117,H,2195,851,0.3876993166287016,Paris 17
751176712,75117,H,1823,690,0.37849698299506307,Paris 17
751176713,75117,H,2762,1040,0.3765387400434468,Paris 17
751176714,75117,H,5252,586,0.11157654226961157,Paris 17
751176715,75117,H,2943,902,0.3064899762147469,Paris 17
751176716,75117,H,2263,467,0.2063632346442775,Paris 17
751176801,75117,H,3281,1009,0.30752819262419995,Paris 17
751176802,75117,H,3459,1151,0.3327551315409078,Paris 17
751176803,75117,H,2803,957,0.3414199072422405,Paris 17
751176804,75117,H,2494,832,0.33360064153969526,Paris 17
751176805,75117,H,2050,555,0.2707317073170732,Paris 17
751176806,75117,H,2939,577,0.1963252807077237,Paris 17
751176807,75117,H,2668,611,0.2290104947526237,Paris 17
751176808,75117,H,2794,804,0.2877594846098783,Paris 17
751176809,75117,H,2477,576,0.23253936213161083,Paris 17
751176810,75117,H,2272,663,0.2918133802816901,Paris 17
751176811,75117,H,2396,660,0.27545909849749584,Paris 17
751176812,75117,H,2448,505,0.2062908496732026,Paris 17
751176813,75117,H,3156,552,0.17490494296577946,Paris 17
751176814,75117,H,3200,449,0.1403125,Paris 17
751176815,75117,H,2133,356,0.16690107829348336,Paris 17
751176816,75117,H,3060,82,0.02679738562091503,Paris 17
751176817,75117,H,1719,55,0.031995346131471786,Paris 17
751186901,75118,H,2635,792,0.30056925996204936,Paris 18
751186902,75118,H,2235,703,0.3145413870246085,Paris 18
751186903,75118,H,1959,690,0.35222052067381315,Paris 18
751186904,75118,H,3195,925,0.2895148669796557,Paris 18
751186905,75118,H,2379,743,0.3123160992013451,Paris 18
751186906,75118,H,2917,658,0.22557422008913267,Paris 18
751186907,75118,H,3584,1130,0.31529017857142855,Paris 18
751186908,75118,H,2353,604,0.2566935826604335,Paris 18
751186909,75118,H,1931,549,0.2843086483687209,Paris 18
751186910,75118,H,2443,648,0.2652476463364716,Paris 18
751186911,75118,H,1487,436,0.29320780094149296,Paris 18
751186912,75118,H,2509,799,0.31845356715823037,Paris 18
751186913,75118,H,2159,578,0.2677165354330709,Paris 18
751186914,75118,H,2221,578,0.26024313372354796,Paris 18
751186915,75118,H,2068,415,0.20067698259187622,Paris 18
751186916,75118,H,2778,591,0.21274298056155508,Paris 18
751186917,75118,H,2440,778,0.3188524590163934,Paris 18
751186918,75118,H,3745,1196,0.3193591455273698,Paris 18
751186919,75118,H,3757,902,0.2400851743412297,Paris 18
751186920,75118,H,2329,565,0.2425933877200515,Paris 18
751186921,75118,H,2027,497,0.24518993586581153,Paris 18
751186922,75118,H,2453,542,0.22095393395841825,Paris 18
751186923,75118,H,3718,548,0.14739107046799355,Paris 18
751186924,75118,H,3319,485,0.14612835191322687,Paris 18
751186925,75118,H,3359,326,0.09705269425424233,Paris 18
751186926,75118,H,2092,61,0.029158699808795412,Paris 18
751186927,75118,H,2113,36,0.017037387600567912,Paris 18
751186928,75118,H,2220,33,0.014864864864864866,Paris 18
751186929,75118,A,159,14,0.0880503144654088,Paris 18
751187001,75118,H,3825,1032,0.2698039215686274,Paris 18
751187002,75118,H,2717,909,0.3345601766654398,Paris 18
751187003,75118,H,2294,669,0.2916303400174368,Paris 18
751187004,75118,H,1931,642,0.3324702226825479,Paris 18
751187005,75118,H,2213,660,0.298237686398554,Paris 18
751187006,75118,H,2434,869,0.35702547247329497,Paris 18
751187007,75118,H,2047,591,0.2887151929653151,Paris 18
751187008,75118,H,1621,561,0.34608266502159163,Paris 18
751187009,75118,H,3227,839,0.25999380229315155,Paris 18
751187010,75118,H,1962,650,0.3312945973496432,Paris 18
751187011,75118,H,2143,719,0.3355109659356043,Paris 18
751187012,75118,H,2739,938,0.3424607520993063,Paris 18
751187013,75118,H,2681,857,0.319656844461022,Paris 18
751187014,75118,H,1802,603,0.3346281908990011,Paris 18
751187015,75118,H,2224,659,0.29631294964028776,Paris 18
751187016,75118,H,2346,667,0.28431372549019607,Paris 18
751187017,75118,H,4984,802,0.16091492776886035,Paris 18
751187018,75118,H,2377,464,0.19520403870424904,Paris 18
751187019,75118,H,3404,797,0.23413631022326675,Paris 18
751187020,75118,H,2654,509,0.19178598342125094,Paris 18
751187021,75118,H,3406,867,0.25455079271873166,Paris 18
751187022,75118,H,3112,977,0.3139460154241645,Paris 18
751187023,75118,H,2655,305,0.11487758945386065,Paris 18
751187024,75118,H,2113,623,0.2948414576431614,Paris 18
751187025,75118,H,2683,472,0.17592247484159523,Paris 18
751187026,75118,H,2555,473,0.18512720156555773,Paris 18
751187027,75118,H,2507,156,0.062225767850019945,Paris 18
751187101,75118,H,3341,634,0.18976354384914695,Paris 18
751187102,75118,H,4100,391,0.09536585365853659,Paris 18
751187103,75118,H,2363,369,0.1561574269995768,Paris 18
751187104,75118,H,2591,568,0.21922037823234272,Paris 18
751187105,75118,H,2342,374,0.1596925704526046,Paris 18
751187106,75118,H,2435,506,0.20780287474332648,Paris 18
751187107,75118,H,2395,426,0.1778705636743215,Paris 18
751187108,75118,H,2774,286,0.10310021629416005,Paris 18
751187109,75118,H,2349,415,0.17667092379736057,Paris 18
751187110,75118,H,6728,1013,0.15056480380499407,Paris 18
751187201,75118,H,2325,230,0.0989247311827957,Paris 18
751187202,75118,H,2755,425,0.1542649727767695,Paris 18
751187203,75118,H,1715,373,0.21749271137026238,Paris 18
751187204,75118,H,2438,572,0.2346185397867104,Paris 18
751187205,75118,H,3602,516,0.14325374791782344,Paris 18
751187206,75118,H,2541,339,0.1334120425029516,Paris 18
751187207,75118,H,2768,399,0.14414739884393063,Paris 18
751187208,75118,H,3437,215,0.06255455338958393,Paris 18
751187209,75118,H,3278,54,0.01647345942647956,Paris 18
751197301,75119,H,4281,772,0.18033169820135483,Paris 19
751197302,75119,H,2866,534,0.18632240055826937,Paris 19
751197303,75119,H,3725,585,0.15704697986577182,Paris 19
751197304,75119,H,2437,550,0.22568732047599507,Paris 19
751197305,75119,H,3205,723,0.22558502340093603,Paris 19
751197306,75119,H,3004,167,0.05559254327563249,Paris 19
751197307,75119,H,3641,388,0.10656413073331503,Paris 19
751197308,75119,H,3267,209,0.06397306397306397,Paris 19
751197309,75119,H,3433,389,0.11331197203612,Paris 19
751197310,75119,H,4964,415,0.08360193392425463,Paris 19
751197311,75119,H,2872,551,0.19185236768802227,Paris 19
751197312,75119,H,2189,242,0.11055276381909548,Paris 19
751197313,75119,H,3152,516,0.16370558375634517,Paris 19
751197314,75119,H,2909,513,0.1763492609144036,Paris 19
751197315,75119,H,3592,512,0.14253897550111358,Paris 19
751197316,75119,H,3743,681,0.18193962062516697,Paris 19
751197317,75119,H,2303,190,0.08250108554059922,Paris 19
751197318,75119,A,626,14,0.022364217252396165,Paris 19
751197388,75119,D,0,0,0,Paris 19
751197401,75119,H,1132,78,0.06890459363957598,Paris 19
751197402,75119,H,3145,574,0.18251192368839428,Paris 19
751197403,75119,H,2047,369,0.1802638006839277,Paris 19
751197404,75119,H,2381,358,0.15035699286014279,Paris 19
751197405,75119,H,2541,414,0.16292798110979928,Paris 19
751197406,75119,H,5714,447,0.07822891144557227,Paris 19
751197407,75119,H,3350,133,0.039701492537313435,Paris 19
751197408,75119,H,1898,184,0.09694415173867228,Paris 19
751197409,75119,H,2380,80,0.03361344537815126,Paris 19
751197410,75119,H,2429,99,0.04075751337999177,Paris 19
751197411,75119,H,2975,450,0.15126050420168066,Paris 19
751197412,75119,A,315,51,0.1619047619047619,Paris 19
751197413,75119,A,42,2,0.047619047619047616,Paris 19
751197488,75119,D,0,0,0,Paris 19
751197501,75119,H,2510,405,0.16135458167330677,Paris 19
751197502,75119,H,2742,406,0.14806710430342815,Paris 19
751197503,75119,H,1698,391,0.23027090694935218,Paris 19
751197504,75119,H,1958,138,0.07048008171603677,Paris 19
751197505,75119,H,1821,292,0.16035145524437122,Paris 19
751197506,75119,H,1930,493,0.255440414507772,Paris 19
751197507,75119,H,2071,380,0.1834862385321101,Paris 19
751197508,75119,H,2242,591,0.26360392506690455,Paris 19
751197509,75119,H,2040,148,0.07254901960784314,Paris 19
751197510,75119,H,2797,419,0.1498033607436539,Paris 19
751197511,75119,H,2052,394,0.19200779727095516,Paris 19
751197512,75119,H,1716,87,0.050699300699300696,Paris 19
751197513,75119,H,1338,108,0.08071748878923767,Paris 19
751197514,75119,H,3188,812,0.2547051442910916,Paris 19
751197515,75119,H,2475,580,0.23434343434343435,Paris 19
751197516,75119,H,1562,89,0.056978233034571064,Paris 19
751197517,75119,H,3490,319,0.09140401146131805,Paris 19
751197518,75119,H,4209,225,0.05345687811831789,Paris 19
751197519,75119,H,2341,194,0.08287056813327638,Paris 19
751197520,75119,H,3136,500,0.15943877551020408,Paris 19
751197521,75119,H,2644,539,0.20385779122541603,Paris 19
751197522,75119,H,3075,757,0.2461788617886179,Paris 19
751197523,75119,H,1780,335,0.18820224719101122,Paris 19
751197524,75119,H,2029,388,0.19122720551996056,Paris 19
751197525,75119,A,638,101,0.15830721003134796,Paris 19
751197601,75119,H,2496,624,0.25,Paris 19
751197602,75119,H,5618,1406,0.25026699893200427,Paris 19
751197603,75119,H,2446,636,0.26001635322976285,Paris 19
751197604,75119,H,2915,767,0.26312178387650087,Paris 19
751197605,75119,H,2700,444,0.16444444444444445,Paris 19
751197606,75119,H,1936,316,0.16322314049586778,Paris 19
751197607,75119,H,1793,546,0.3045175683212493,Paris 19
751197608,75119,H,2200,506,0.23,Paris 19
751197609,75119,H,3153,747,0.2369172216936251,Paris 19
751197610,75119,H,1455,244,0.1676975945017182,Paris 19
751197611,75119,H,3229,712,0.2205017033137194,Paris 19
751197612,75119,H,2240,520,0.23214285714285715,Paris 19
751197613,75119,H,2877,675,0.2346193952033368,Paris 19
751197614,75119,H,2614,615,0.2352716143840857,Paris 19
751197615,75119,H,2250,477,0.212,Paris 19
751197616,75119,H,1992,229,0.11495983935742972,Paris 19
751197617,75119,D,0,0,0,Paris 19
751207701,75120,H,2570,557,0.21673151750972763,Paris 20
751207702,75120,H,2580,684,0.2651162790697674,Paris 20
751207703,75120,H,1855,320,0.1725067385444744,Paris 20
751207704,75120,H,2755,399,0.14482758620689656,Paris 20
751207705,75120,H,1962,250,0.127420998980632,Paris 20
751207706,75120,H,2073,530,0.2556681138446696,Paris 20
751207707,75120,H,2504,266,0.1062300319488818,Paris 20
751207708,75120,H,3399,399,0.11738746690203,Paris 20
751207709,75120,H,2003,149,0.07438841737393909,Paris 20
751207710,75120,H,2727,497,0.18225155848918226,Paris 20
751207711,75120,H,4405,462,0.10488081725312146,Paris 20
751207712,75120,H,2627,579,0.22040350209364293,Paris 20
751207713,75120,H,2903,337,0.11608680675163624,Paris 20
751207714,75120,H,2840,633,0.22288732394366198,Paris 20
751207801,75120,H,3403,258,0.07581545694975023,Paris 20
751207802,75120,H,3222,675,0.20949720670391062,Paris 20
751207803,75120,H,1927,95,0.04929942916450441,Paris 20
751207804,75120,H,2128,78,0.03665413533834586,Paris 20
751207805,75120,H,3295,800,0.24279210925644917,Paris 20
751207806,75120,H,4214,947,0.22472710014238254,Paris 20
751207807,75120,H,2906,697,0.2398485891259463,Paris 20
751207808,75120,H,3576,665,0.1859619686800895,Paris 20
751207809,75120,H,3584,678,0.18917410714285715,Paris 20
751207810,75120,H,2198,229,0.10418562329390355,Paris 20
751207811,75120,H,1764,362,0.20521541950113378,Paris 20
751207812,75120,H,1757,374,0.2128628343767786,Paris 20
751207813,75120,H,2550,274,0.10745098039215686,Paris 20
751207814,75120,H,1986,371,0.18680765357502518,Paris 20
751207815,75120,H,3019,606,0.2007287181185823,Paris 20
751207816,75120,H,3447,800,0.23208587177255585,Paris 20
751207901,75120,H,3820,887,0.23219895287958114,Paris 20
751207902,75120,H,2496,643,0.25761217948717946,Paris 20
751207903,75120,H,2350,601,0.25574468085106383,Paris 20
751207904,75120,H,2640,799,0.30265151515151517,Paris 20
751207905,75120,H,5115,1404,0.2744868035190616,Paris 20
751207906,75120,H,2207,321,0.14544630720434978,Paris 20
751207907,75120,H,2904,523,0.18009641873278237,Paris 20
751207908,75120,H,3389,406,0.11979935084095604,Paris 20
751207909,75120,H,1829,436,0.2383816293056315,Paris 20
751207910,75120,H,3329,358,0.10753980174226495,Paris 20
751207911,75120,H,2831,508,0.1794418933239138,Paris 20
751207912,75120,H,3127,602,0.1925167892548769,Paris 20
751207913,75120,H,1855,507,0.2733153638814016,Paris 20
751207914,75120,H,2296,618,0.2691637630662021,Paris 20
751207915,75120,H,2913,836,0.28698935805012016,Paris 20
751207916,75120,H,2812,613,0.21799431009957326,Paris 20
751207917,75120,A,16,0,0,Paris 20
751208001,75120,H,2466,116,0.047039740470397405,Paris 20
751208002,75120,H,2009,503,0.25037332005973123,Paris 20
751208003,75120,H,3024,639,0.2113095238095238,Paris 20
751208004,75120,H,1774,578,0.3258173618940248,Paris 20
751208005,75120,H,1963,597,0.30412633723892,Paris 20
751208006,75120,H,3022,776,0.256783587028458,Paris 20
751208007,75120,H,3585,577,0.1609483960948396,Paris 20
751208008,75120,H,2509,78,0.031088082901554404,Paris 20
751208009,75120,H,2098,77,0.03670162059103908,Paris 20
751208010,75120,H,1776,234,0.13175675675675674,Paris 20
751208011,75120,H,1903,152,0.07987388334209143,Paris 20
751208012,75120,H,2671,479,0.17933358292774243,Paris 20
751208013,75120,H,2413,424,0.17571487774554498,Paris 20
751208014,75120,H,2481,605,0.24385328496573963,Paris 20
751208015,75120,H,2572,629,0.24455676516329705,Paris 20
751208016,75120,H,2824,561,0.1986543909348442,Paris 20
751208017,75120,H,2166,438,0.20221606648199447,Paris 20
751208018,75120,H,3079,458,0.1487495940240338,Paris 20
751208019,75120,H,4399,643,0.14616958399636282,Paris 20
751208020,75120,H,2712,75,0.02765486725663717,Paris 20
751208021,75120,H,3654,119,0.032567049808429116,Paris 20
751208022,75120,H,1770,146,0.08248587570621468,Paris 20
751208023,75120,H,2373,394,0.16603455541508638,Paris 20
751208024,75120,H,2774,649,0.2339581831290555,Paris 20
751208025,75120,H,2740,532,0.19416058394160585,Paris 20
751208026,75120,H,1907,565,0.2962768746722601,Paris 20
